[
  {
    "ID": 5,
    "code": "rree1093",
    "price": 142,
    "departureDate": "2018-02-11T00:00:00",
    "origin": "MUA",
    "destination": "SFO",
    "emptySeats": 1,
    "plane": {
      "type": "Boeing 737",
      "totalSeats": 150
    }
  },
  {
    "ID": 7,
    "code": "eefd1994",
    "price": 676,
    "departureDate": "2018-01-01T00:00:00",
    "origin": "MUA",
    "destination": "SFO",
    "emptySeats": 0,
    "plane": {
      "type": "Boeing 777",
      "totalSeats": 300
    }
  },
  {
    "ID": 8,
    "code": "ffee2000",
    "price": 300,
    "departureDate": "2018-02-20T00:00:00",
    "origin": "MUA",
    "destination": "SFO",
    "emptySeats": 30,
    "plane": {
      "type": "Boeing 737",
      "totalSeats": 150
    }
  },
  {
    "ID": 9,
    "code": "eefd3000",
    "price": 900,
    "departureDate": "2018-02-01T00:00:00",
    "origin": "MUA",
    "destination": "SFO",
    "emptySeats": 0,
    "plane": {
      "type": "Boeing 737",
      "totalSeats": 150
    }
  },
  {
    "ID": 11,
    "code": "rree4567",
    "price": 456,
    "departureDate": "2018-01-20T00:00:00",
    "origin": "MUA",
    "destination": "SFO",
    "emptySeats": 100,
    "plane": {
      "type": "Boeing 737",
      "totalSeats": 150
    }
  },
  {
    "ID": 1,
    "code": "rree0001",
    "price": 541,
    "departureDate": "2018-01-20T00:00:00",
    "origin": "MUA",
    "destination": "LAX",
    "emptySeats": 0,
    "plane": {
      "type": "Boeing 787",
      "totalSeats": 200
    }
  },
  {
    "ID": 3,
    "code": "ffee0192",
    "price": 300,
    "departureDate": "2018-01-20T00:00:00",
    "origin": "MUA",
    "destination": "LAX",
    "emptySeats": 0,
    "plane": {
      "type": "Boeing 777",
      "totalSeats": 300
    }
  },
  {
    "ID": 10,
    "code": "eefd4511",
    "price": 900,
    "departureDate": "2018-01-15T00:00:00",
    "origin": "MUA",
    "destination": "LAX",
    "emptySeats": 100,
    "plane": {
      "type": "Boeing 777",
      "totalSeats": 300
    }
  },
  {
    "ID": 2,
    "code": "eefd0123",
    "price": 300,
    "departureDate": "2018-01-25T00:00:00",
    "origin": "MUA",
    "destination": "CLE",
    "emptySeats": 7,
    "plane": {
      "type": "Boeing 747",
      "totalSeats": 345
    }
  },
  {
    "ID": 4,
    "code": "rree1000",
    "price": 200,
    "departureDate": "2018-01-20T00:00:00",
    "origin": "MUA",
    "destination": "CLE",
    "emptySeats": 5,
    "plane": {
      "type": "Boeing 737",
      "totalSeats": 150
    }
  },
  {
    "ID": 6,
    "code": "ffee1112",
    "price": 954,
    "departureDate": "2018-01-20T00:00:00",
    "origin": "MUA",
    "destination": "CLE",
    "emptySeats": 100,
    "plane": {
      "type": "Boeing 787",
      "totalSeats": 200
    }
  }
]