{
  "0": {
    "exceptionPayload": null,
    "inboundAttachmentNames": [
      
    ],
    "outboundPropertyNames": [
      
    ],
    "inboundPropertyNames": [
      
    ],
    "attributes": {
      "clientCertificate": null,
      "listenerPath": "/flights",
      "requestPath": "/flights",
      "queryString": "code=CLE&airline=all",
      "remoteAddress": "/127.0.0.1:57991",
      "method": "GET",
      "scheme": "http",
      "relativePath": "/flights",
      "requestUri": "/flights?code=CLE&airline=all",
      "localAddress": "localhost/127.0.0.1:8081",
      "uriParams": {
        
      },
      "queryParams": {
        "code": "CLE",
        "airline": "all"
      },
      "headers": {
        "host": "localhost:8081",
        "connection": "keep-alive",
        "cache-control": "max-age=0",
        "upgrade-insecure-requests": "1",
        "user-agent": "Mozilla/5.0 (Macintosh; Intel Mac OS X 10_13_6) AppleWebKit/537.36 (KHTML, like Gecko) Chrome/70.0.3538.102 Safari/537.36",
        "accept": "text/html,application/xhtml+xml,application/xml;q=0.9,image/webp,image/apng,*/*;q=0.8",
        "accept-encoding": "gzip, deflate, br",
        "accept-language": "en-US,en;q=0.9"
      },
      "version": "HTTP/1.1"
    },
    "outboundAttachmentNames": [
      
    ],
    "payload": {
      "flights": null
    }
  },
  "1": {
    "exceptionPayload": null,
    "inboundAttachmentNames": [
      
    ],
    "outboundPropertyNames": [
      
    ],
    "inboundPropertyNames": [
      
    ],
    "attributes": {
      "clientCertificate": null,
      "listenerPath": "/flights",
      "requestPath": "/flights",
      "queryString": "code=CLE&airline=all",
      "remoteAddress": "/127.0.0.1:57991",
      "method": "GET",
      "scheme": "http",
      "relativePath": "/flights",
      "requestUri": "/flights?code=CLE&airline=all",
      "localAddress": "localhost/127.0.0.1:8081",
      "uriParams": {
        
      },
      "queryParams": {
        "code": "CLE",
        "airline": "all"
      },
      "headers": {
        "host": "localhost:8081",
        "connection": "keep-alive",
        "cache-control": "max-age=0",
        "upgrade-insecure-requests": "1",
        "user-agent": "Mozilla/5.0 (Macintosh; Intel Mac OS X 10_13_6) AppleWebKit/537.36 (KHTML, like Gecko) Chrome/70.0.3538.102 Safari/537.36",
        "accept": "text/html,application/xhtml+xml,application/xml;q=0.9,image/webp,image/apng,*/*;q=0.8",
        "accept-encoding": "gzip, deflate, br",
        "accept-language": "en-US,en;q=0.9"
      },
      "version": "HTTP/1.1"
    },
    "outboundAttachmentNames": [
      
    ],
    "payload": [
      {
        "price": 200.0,
        "flightCode": "rree1000",
        "availableSeats": 5,
        "planeType": "Boeing 737",
        "departureDate": "2018-01-20T00:00:00",
        "origination": "MUA",
        "airlineName": "american",
        "destination": "CLE"
      },
      {
        "price": 300.0,
        "flightCode": "eefd0123",
        "availableSeats": 7,
        "planeType": "Boeing 747",
        "departureDate": "2018-01-25T00:00:00",
        "origination": "MUA",
        "airlineName": "american",
        "destination": "CLE"
      },
      {
        "price": 954.0,
        "flightCode": "ffee1112",
        "availableSeats": 100,
        "planeType": "Boeing 787",
        "departureDate": "2018-01-20T00:00:00",
        "origination": "MUA",
        "airlineName": "american",
        "destination": "CLE"
      }
    ]
  },
  "2": {
    "exceptionPayload": null,
    "inboundAttachmentNames": [
      
    ],
    "outboundPropertyNames": [
      
    ],
    "inboundPropertyNames": [
      
    ],
    "attributes": {
      "clientCertificate": null,
      "listenerPath": "/flights",
      "requestPath": "/flights",
      "queryString": "code=CLE&airline=all",
      "remoteAddress": "/127.0.0.1:57991",
      "method": "GET",
      "scheme": "http",
      "relativePath": "/flights",
      "requestUri": "/flights?code=CLE&airline=all",
      "localAddress": "localhost/127.0.0.1:8081",
      "uriParams": {
        
      },
      "queryParams": {
        "code": "CLE",
        "airline": "all"
      },
      "headers": {
        "host": "localhost:8081",
        "connection": "keep-alive",
        "cache-control": "max-age=0",
        "upgrade-insecure-requests": "1",
        "user-agent": "Mozilla/5.0 (Macintosh; Intel Mac OS X 10_13_6) AppleWebKit/537.36 (KHTML, like Gecko) Chrome/70.0.3538.102 Safari/537.36",
        "accept": "text/html,application/xhtml+xml,application/xml;q=0.9,image/webp,image/apng,*/*;q=0.8",
        "accept-encoding": "gzip, deflate, br",
        "accept-language": "en-US,en;q=0.9"
      },
      "version": "HTTP/1.1"
    },
    "outboundAttachmentNames": [
      
    ],
    "payload": [
      {
        "price": 845.0,
        "flightCode": "ER9fje",
        "availableSeats": 32,
        "planeType": "Boeing 727",
        "departureDate": "2018/07/11",
        "origination": "MUA",
        "airlineName": "United",
        "destination": "CLE"
      },
      {
        "price": 245.0,
        "flightCode": "ER3kfd",
        "availableSeats": 13,
        "planeType": "Boeing 747",
        "departureDate": "2018/08/11",
        "origination": "MUA",
        "airlineName": "United",
        "destination": "CLE"
      }
    ]
  }
}